기관명,소관부처,목록페이지URL,렌더링방식,확인상태,비고
산업통상부(본체),산업통상부,https://www.motir.go.kr/kor/article/ATCL2826a2625,static,확인완료,"2026-09-21 브라우저 직접 검증. motie.go.kr은 motir.go.kr로 정상 리다이렉트됨(2025-10-01 정부조직 개편으로 산업통상자원부→산업통상부/MOTIR 개칭, .go.kr 정부 전용 도메인으로 확인됨 - 피싱 아님). 상세페이지가 실제 href로 노출되는 정적 서버렌더링 게시판. URL을 motir.go.kr로 직접 교체하여 리다이렉트 홉 제거."
한국산업기술진흥원(KIAT),산업통상부,https://www.kiat.or.kr/front/board/boardContentsListPage.do?board_id=90&MenuId=b159c9dac684471b87256f1e25404f5e,js,확인완료,"2026-09-21 브라우저 직접 검증. 후보 URL이 실제 사업공고 게시판 맞음(총 2,607건). 목록이 boardContentsListAjax.do POST 요청으로 로드됨 - 이 엔드포인트를 직접 호출하면 Playwright 없이도 수집 가능할 수 있어 3단계 개발 시 확인 필요. 상세보기는 javascript:contentsView() 방식(JS 필요)."
대한무역투자진흥공사(KOTRA),산업통상부,https://www.kotra.or.kr/subList/20000020753,js,확인완료-URL교체,"2026-09-21 브라우저 직접 검증. 기존 후보 URL(subList/20000005958)은 'KOTRA 입찰공고'(공사 자체 용역발주)로 오답이었음. 실제 기업 지원사업 공고는 '사업신청 > 지원사업 검색' 메뉴로 교체(총 173건). 목록이 selectBmBizAllListAjax.do 등 POST 요청으로 로드됨."
한국산업기술기획평가원(KEIT),산업통상부,https://srome.keit.re.kr/srome/biz/perform/opnnPrpsl/retrieveTaskAnncmListView.do?prgmId=XPG201040000,static,확인완료-URL교체,"2026-09-21 브라우저 직접 검증. 기존 후보 URL(keit.re.kr board.es)은 '공지사항'(안내/입찰) 게시판으로 오답이었고, 이전에 기록된 robots.txt 차단도 재현되지 않음(정상 접속). 실제 사업공고(과제공고)는 keit.re.kr이 아닌 별도 시스템 SROME(srome.keit.re.kr)에 있음(총 718건, 실시간 갱신 확인). 서버사이드 렌더링(정적)."
한국에너지기술평가원(KETEP),산업통상부,https://www.ketep.re.kr/businessAcment?menuId=MENU002080200000000,static,확인완료,"2026-09-21 브라우저 직접 검증. 후보 URL이 실제 사업공고 게시판 맞음(총 501건, 실시간). 서버사이드 렌더링(최초 GET 응답에 목록 데이터 포함, 별도 AJAX 목록 호출 없음)."
소상공인시장진흥공단(소진공),중소벤처기업부,https://www.semas.or.kr/web/board/webBoardList.kmdc?bCd=2001&schCon=&schStr=&schCat=&schExpart=&schArea=&schStat=&pNm=BOA0101&page=1,static,확인완료,"2026-09-21 브라우저 직접 검증. 후보 URL이 실제 사업공고 게시판 맞음(총 538건). 페이지 텍스트 추출로 목록 전체가 그대로 읽혀 정적 렌더링으로 확인."
중소벤처기업진흥공단(KOSMES),중소벤처기업부,https://www.kosmes.or.kr/nsh/SH/NTS/SHNTS001M0.do,static,확인완료-URL정정,"2026-09-21 브라우저 직접 검증(1차 조사에서 '통합게시판 없음'으로 잘못 결론 냈던 것을 재조사로 정정). 기존 후보 URL(SHNTS005M0.do)은 'KOSMES 입찰정보'(공단 자체 용역발주)로 오답. 지원사업 카테고리별 개별 페이지(정책자금·수출마케팅·인력양성·사업전환지원·재기지원 등 39개)는 39개 중 38개가 상시제도 안내 정적페이지였고 공고 리스트가 없었음(수출마케팅 공지사항만 예외, 4건 - 아래 별도 행 참고). 대신 '알림광장 > 공지/알림 > 공지사항'(SHNTS001M0.do)이 사실상 KOSMES 전체 통합 공고판 역할을 함 - 전체/컨설팅/자금지원/공제사업/연수/해외마케팅/정보제공/인력/수출인큐베이터/창업지원/기타 11개 카테고리 탭, 등록일+유효일(마감기한) 있는 진짜 시간제한 공고 45건+(5페이지), '2026년 재도전 마인드업(힐링캠프) 참여자 모집' 등 keywords.env 키워드와 직결되는 공고 확인됨. 서버사이드 렌더링(정적, get_page_text로 목록 전체 추출됨). 상세페이지는 javascript:void(0) 클릭이라 목록에서 바로 안 나오지만, 홈페이지 공지 슬라이더에서 확인한 패턴상 /nsh/SH/NTS/SHNTS001F0.do?seqNo={id} 형태로 추정 - 3단계에서 확인 필요."
중소벤처기업진흥공단(KOSMES)-수출마케팅공지,중소벤처기업부,https://www.kosmes.or.kr/nsh/SH/SBI/SHSBI014M0.do,static,확인완료-선택사항,"2026-09-21 재조사로 발견. '지원사업>수출마케팅>공지사항' 게시판으로 실제 공고 리스트 있음(4건, 정적 렌더링). 위 통합 공지사항(SHNTS001M0.do)의 '해외마케팅' 탭과 내용이 겹칠 가능성이 높아 중복 소스임 - 3단계에서 통합 게시판만으로 커버되는지 확인 후 이 행은 제외할 수도 있음."
중소기업기술정보진흥원(TIPA·스마트공장 모집공고),중소벤처기업부,https://www.smart-factory.kr/usr/bg/ra/ma/rcrtPbanc,js,확인완료,"2026-09-21 브라우저 직접 검증. 기존 계획은 '중소벤처24 공고정보 API' 연동이었으나, 공공데이터포털에 API 유형이 'LINK'로만 등록되어 있고 실제 엔드포인트 문서를 공개적으로 찾을 수 없어(로그인 필요 추정) 크롤링 방식으로 전환. 이 URL은 TIPA가 운영하는 별도 시스템 '스마트공장 사업관리시스템'(footer: 중소기업기술정보진흥원(TIPA), 화면상 KOSMO AI 브랜드 병기)의 모집공고 게시판이며 실제 사업공고 맞음(확인 시점 7건). React SPA로 목록이 POST https://www.smart-factory.kr/usr/bg/ra/ma/rcrtPbanc/selectRcrtPbancPage.do 요청으로 로드됨 - 3단계에서 이 엔드포인트를 직접 호출하는 방식 검토. 화면에 '공고 접수상태' 필터(전체/접수개시(예정)/접수마감)가 있어, 마감된 공고까지 수집하려면 이 값을 '전체'(또는 '접수마감') 상태로 설정하여 호출해야 함 - 요구사항: 이번 프로그램은 접수마감 공고도 확인 가능해야 함."
